pretty_id	gene_id	log2FoldChange	padj	Description	PFAMs	ips_ipr	ips_ipr_desc	ips_pathway	go_all	text	pfam_is_metal	pfam_is_transporterish	is_metal	is_abc_like	is_mfs_like	mdr_kw_hit	is_mdr	is_nutr
gene-IR01_00456	lcl|NW_015622504.1_cds_XP_016228184.1_514	-2.33250470759506	0.00391728643035678	Sulfate permease family	STAS,Sulfate_transp					Sulfate permease family | STAS,Sulfate_transp | NA | NA	FALSE	TRUE	FALSE	FALSE	FALSE	FALSE	FALSE	TRUE
gene-IR01_00520	lcl|NW_015622504.1_cds_XP_016228253.1_583	1.16370140840356	0.0127341505581018	Amino acid permease	AA_permease_2					Amino acid permease | AA_permease_2 | NA | NA	FALSE	TRUE	FALSE	FALSE	FALSE	FALSE	FALSE	TRUE
gene-IR01_01281	lcl|NW_015622504.1_cds_XP_016229109.1_1439	1.27455063433678	0.0135186434333935	SulP family sulfate permease	STAS,Sulfate_transp					SulP family sulfate permease | STAS,Sulfate_transp | NA | NA	FALSE	TRUE	FALSE	FALSE	FALSE	FALSE	FALSE	TRUE
gene-IR01_02227	lcl|NW_015622505.1_cds_XP_016225997.1_2458	-1.54268620484738	0.043431307433603	Sugar (and other) transporter	MFS_1				GO:0000322,GO:0000323,GO:0000324,GO:0000329,GO:0003333,GO:0003674,GO:0005215,GO:0005342,GO:0005575,GO:0005622,GO:0005623,GO:0005737,GO:0005773,GO:0005774,GO:0006810,GO:0006811,GO:0006812,GO:0006820,GO:0006855,GO:0006865,GO:0006867,GO:0007034,GO:0008028,GO:0008150,GO:0008324,GO:0008509,GO:0008514,GO:0015075,GO:0015171,GO:0015174,GO:0015175,GO:0015179,GO:0015182,GO:0015188,GO:0015189,GO:0015238,GO:0015318,GO:0015658,GO:0015711,GO:0015718,GO:0015802,GO:0015803,GO:0015804,GO:0015807,GO:0015818,GO:0015819,GO:0015849,GO:0015893,GO:0016020,GO:0016021,GO:0022857,GO:0031090,GO:0031166,GO:0031224,GO:0031300,GO:0031301,GO:0031310,GO:0032975,GO:0034220,GO:0034486,GO:0034490,GO:0034491,GO:0042221,GO:0042493,GO:0042886,GO:0042887,GO:0043090,GO:0043226,GO:0043227,GO:0043229,GO:0043231,GO:0044422,GO:0044424,GO:0044425,GO:0044437,GO:0044444,GO:0044446,GO:0044464,GO:0046942,GO:0046943,GO:0050896,GO:0051179,GO:0051234,GO:0055085,GO:0071627,GO:0071628,GO:0071702,GO:0071705,GO:0090517,GO:0098588,GO:0098655,GO:0098656,GO:0098805,GO:0098852,GO:1902022,GO:1902475,GO:1903401,GO:1903713,GO:1903714,GO:1903825,GO:1905039,GO:1990591,GO:1990822	Sugar (and other) transporter | MFS_1 | NA | NA	FALSE	TRUE	FALSE	FALSE	TRUE	FALSE	FALSE	TRUE
gene-IR01_02344	lcl|NW_015622505.1_cds_XP_016226129.1_2590	2.13827145222321	0.0452731659757693	Sodium-phosphate symporter which plays a fundamental housekeeping role in phosphate transport	PHO4					Sodium-phosphate symporter which plays a fundamental housekeeping role in phosphate transport | PHO4 | NA | NA	FALSE	FALSE	FALSE	FALSE	FALSE	FALSE	FALSE	TRUE
gene-IR01_02377	lcl|NW_015622505.1_cds_XP_016226162.1_2623	-0.927550062437358	0.0044920887726602	Amino acid permease	AA_permease_2					Amino acid permease | AA_permease_2 | NA | NA	FALSE	TRUE	FALSE	FALSE	FALSE	FALSE	FALSE	TRUE
gene-IR01_02551	lcl|NW_015622505.1_cds_XP_016226355.1_2816	2.09497610751716	0.00035988812661009	Belongs to the major facilitator superfamily. Sugar transporter (TC 2.A.1.1) family	Sugar_tr				GO:0000322,GO:0000323,GO:0000324,GO:0003674,GO:0005215,GO:0005342,GO:0005351,GO:0005353,GO:0005354,GO:0005355,GO:0005356,GO:0005358,GO:0005402,GO:0005575,GO:0005622,GO:0005623,GO:0005737,GO:0005739,GO:0005773,GO:0005783,GO:0005886,GO:0005887,GO:0005975,GO:0005996,GO:0006012,GO:0006810,GO:0006811,GO:0006812,GO:0006820,GO:0006950,GO:0007154,GO:0008028,GO:0008150,GO:0008152,GO:0008324,GO:0008509,GO:0008514,GO:0008643,GO:0008645,GO:0009267,GO:0009605,GO:0009679,GO:0009987,GO:0009991,GO:0012505,GO:0015075,GO:0015077,GO:0015078,GO:0015128,GO:0015144,GO:0015145,GO:0015146,GO:0015149,GO:0015291,GO:0015293,GO:0015294,GO:0015295,GO:0015318,GO:0015578,GO:0015672,GO:0015711,GO:0015718,GO:0015749,GO:0015750,GO:0015755,GO:0015757,GO:0015761,GO:0015791,GO:0015795,GO:0015797,GO:0015849,GO:0015850,GO:0016020,GO:0016021,GO:0019318,GO:0022804,GO:0022857,GO:0022890,GO:0031224,GO:0031226,GO:0031520,GO:0031667,GO:0031668,GO:0031669,GO:0032445,GO:0033554,GO:0034219,GO:0034220,GO:0035429,GO:0042149,GO:0042594,GO:0042873,GO:0042879,GO:0043226,GO:0043227,GO:0043229,GO:0043231,GO:0044238,GO:0044281,GO:0044424,GO:0044425,GO:0044444,GO:0044459,GO:0044464,GO:0046323,GO:0046942,GO:0046943,GO:0050896,GO:0051119,GO:0051179,GO:0051234,GO:0051286,GO:0051716,GO:0055085,GO:0071496,GO:0071702,GO:0071704,GO:0071944,GO:0098590,GO:0098655,GO:0098656,GO:0098657,GO:0098660,GO:0098662,GO:0098704,GO:0098708,GO:0098739,GO:0140108,GO:1902341,GO:1902600,GO:1903825,GO:1904659,GO:1905039,GO:1990539	Belongs to the major facilitator superfamily. Sugar transporter (TC 2.A.1.1) family | Sugar_tr | NA | NA	FALSE	FALSE	FALSE	FALSE	FALSE	FALSE	FALSE	TRUE
gene-IR01_02645	lcl|NW_015622505.1_cds_XP_016226458.1_2919	4.80677223327592	1.92293454069164e-10	Belongs to the major facilitator superfamily. Sugar transporter (TC 2.A.1.1) family	Sugar_tr					Belongs to the major facilitator superfamily. Sugar transporter (TC 2.A.1.1) family | Sugar_tr | NA | NA	FALSE	FALSE	FALSE	FALSE	FALSE	FALSE	FALSE	TRUE
gene-IR01_02793	lcl|NW_015622505.1_cds_XP_016226619.1_3080	-1.85634940164065	0.0231491690318843	Amino acid permease	AA_permease					Amino acid permease | AA_permease | NA | NA	FALSE	TRUE	FALSE	FALSE	FALSE	FALSE	FALSE	TRUE
gene-IR01_02849	lcl|NW_015622505.1_cds_XP_016226686.1_3147	1.88424312251436	0.0156581863936049	Amino acid permease	AA_permease_2					Amino acid permease | AA_permease_2 | NA | NA	FALSE	TRUE	FALSE	FALSE	FALSE	FALSE	FALSE	TRUE
gene-IR01_02966	lcl|NW_015622505.1_cds_XP_016226815.1_3276	-3.5857659620867	1.50895325352094e-16	Amino acid permease	AA_permease,AA_permease_2				GO:0003333,GO:0003674,GO:0005215,GO:0005342,GO:0005575,GO:0005622,GO:0005623,GO:0005737,GO:0005783,GO:0005794,GO:0005886,GO:0005887,GO:0006810,GO:0006811,GO:0006820,GO:0006865,GO:0008150,GO:0008509,GO:0008514,GO:0012505,GO:0015075,GO:0015171,GO:0015179,GO:0015203,GO:0015291,GO:0015297,GO:0015318,GO:0015711,GO:0015807,GO:0015846,GO:0015849,GO:0016020,GO:0016021,GO:0022804,GO:0022857,GO:0031224,GO:0031226,GO:0034220,GO:0043226,GO:0043227,GO:0043229,GO:0043231,GO:0044424,GO:0044425,GO:0044444,GO:0044459,GO:0044464,GO:0046942,GO:0046943,GO:0051179,GO:0051234,GO:0055085,GO:0071702,GO:0071705,GO:0071944,GO:0098656,GO:1902047,GO:1902475,GO:1903825,GO:1905039	Amino acid permease | AA_permease,AA_permease_2 | NA | NA	FALSE	TRUE	FALSE	FALSE	FALSE	FALSE	FALSE	TRUE
gene-IR01_03747	lcl|NW_015622505.1_cds_XP_016227664.1_4125	-7.3934081066046	0.000191020125462763	OPT oligopeptide transporter protein	OPT				GO:0003674,GO:0005215,GO:0005575,GO:0005622,GO:0005623,GO:0005737,GO:0005794,GO:0005886,GO:0005887,GO:0006810,GO:0006857,GO:0008150,GO:0012505,GO:0015833,GO:0016020,GO:0016021,GO:0022857,GO:0031224,GO:0031226,GO:0035672,GO:0035673,GO:0042886,GO:0042887,GO:0043226,GO:0043227,GO:0043229,GO:0043231,GO:0044424,GO:0044425,GO:0044444,GO:0044459,GO:0044464,GO:0051179,GO:0051234,GO:0055085,GO:0071702,GO:0071705,GO:0071944,GO:1901583,GO:1901584,GO:1904680	OPT oligopeptide transporter protein | OPT | NA | NA	FALSE	FALSE	FALSE	FALSE	FALSE	FALSE	FALSE	TRUE
gene-IR01_04460	lcl|NW_015622506.1_cds_XP_016224716.1_4907	-2.22881418698326	5.64609007134721e-05	Belongs to the major facilitator superfamily. Sugar transporter (TC 2.A.1.1) family	Sugar_tr					Belongs to the major facilitator superfamily. Sugar transporter (TC 2.A.1.1) family | Sugar_tr | NA | NA	FALSE	FALSE	FALSE	FALSE	FALSE	FALSE	FALSE	TRUE
gene-IR01_04574	lcl|NW_015622506.1_cds_XP_016224840.1_5031	2.2804886761948	2.04050735891757e-06	Belongs to the major facilitator superfamily. Sugar transporter (TC 2.A.1.1) family	Sugar_tr					Belongs to the major facilitator superfamily. Sugar transporter (TC 2.A.1.1) family | Sugar_tr | NA | NA	FALSE	FALSE	FALSE	FALSE	FALSE	FALSE	FALSE	TRUE
gene-IR01_04900	lcl|NW_015622506.1_cds_XP_016225197.1_5388	-1.74132929458135	0.00164978928258911	Transmembrane amino acid transporter protein	Aa_trans					Transmembrane amino acid transporter protein | Aa_trans | NA | NA	FALSE	FALSE	FALSE	FALSE	FALSE	FALSE	FALSE	TRUE
gene-IR01_05026	lcl|NW_015622506.1_cds_XP_016225328.1_5519	0.855550532623701	0.0183340464036251	Amino acid permease	AA_permease_2					Amino acid permease | AA_permease_2 | NA | NA	FALSE	TRUE	FALSE	FALSE	FALSE	FALSE	FALSE	TRUE
gene-IR01_05822	lcl|NW_015622507.1_cds_XP_016222756.1_6442	-1.01641013502059	0.00555687248069144	Sugar (and other) transporter	MFS_1,Sugar_tr					Sugar (and other) transporter | MFS_1,Sugar_tr | NA | NA	FALSE	TRUE	FALSE	FALSE	TRUE	FALSE	FALSE	TRUE
gene-IR01_05869	lcl|NW_015622507.1_cds_XP_016222809.1_6495	-1.439924769076	0.000280782811375405	Amino acid permease	AA_permease					Amino acid permease | AA_permease | NA | NA	FALSE	TRUE	FALSE	FALSE	FALSE	FALSE	FALSE	TRUE
gene-IR01_06290	lcl|NW_015622507.1_cds_XP_016223278.1_6964	4.85257386943617	2.935438110287e-17	Sugar (and other) transporter	MFS_1					Sugar (and other) transporter | MFS_1 | NA | NA	FALSE	TRUE	FALSE	FALSE	TRUE	FALSE	FALSE	TRUE
gene-IR01_06402	lcl|NW_015622507.1_cds_XP_016223406.1_7092	1.54772619021336	0.00144630521890795	Belongs to the major facilitator superfamily. Sugar transporter (TC 2.A.1.1) family	Sugar_tr					Belongs to the major facilitator superfamily. Sugar transporter (TC 2.A.1.1) family | Sugar_tr | NA | NA	FALSE	FALSE	FALSE	FALSE	FALSE	FALSE	FALSE	TRUE
gene-IR01_06778	lcl|NW_015622507.1_cds_XP_016223827.1_7513	1.99574196580064	5.71636899548682e-11	Belongs to the major facilitator superfamily. Sugar transporter (TC 2.A.1.1) family	Sugar_tr					Belongs to the major facilitator superfamily. Sugar transporter (TC 2.A.1.1) family | Sugar_tr | NA | NA	FALSE	FALSE	FALSE	FALSE	FALSE	FALSE	FALSE	TRUE
gene-IR01_07997	lcl|NW_015622508.1_cds_XP_016222199.1_8844	2.98938053504188	0.000116430621594135	Amino acid permease	AA_permease_2					Amino acid permease | AA_permease_2 | NA | NA	FALSE	TRUE	FALSE	FALSE	FALSE	FALSE	FALSE	TRUE
gene-IR01_08828	lcl|NW_015622509.1_cds_XP_016220722.1_9789	0.998586153166974	0.00466507997650315	Belongs to the major facilitator superfamily. Sugar transporter (TC 2.A.1.1) family	Sugar_tr					Belongs to the major facilitator superfamily. Sugar transporter (TC 2.A.1.1) family | Sugar_tr | NA | NA	FALSE	FALSE	FALSE	FALSE	FALSE	FALSE	FALSE	TRUE
gene-IR01_08865	lcl|NW_015622509.1_cds_XP_016220759.1_9827	-2.86652181558558	2.5487202463809e-08	Belongs to the major facilitator superfamily. Sugar transporter (TC 2.A.1.1) family	Sugar_tr				GO:0000322,GO:0000323,GO:0000324,GO:0003674,GO:0005215,GO:0005342,GO:0005351,GO:0005353,GO:0005354,GO:0005355,GO:0005356,GO:0005358,GO:0005402,GO:0005575,GO:0005622,GO:0005623,GO:0005737,GO:0005739,GO:0005773,GO:0005783,GO:0005886,GO:0005887,GO:0005975,GO:0005996,GO:0006012,GO:0006810,GO:0006811,GO:0006812,GO:0006820,GO:0006950,GO:0007154,GO:0008028,GO:0008150,GO:0008152,GO:0008324,GO:0008509,GO:0008514,GO:0008643,GO:0008645,GO:0009267,GO:0009605,GO:0009679,GO:0009987,GO:0009991,GO:0012505,GO:0015075,GO:0015077,GO:0015078,GO:0015128,GO:0015144,GO:0015145,GO:0015146,GO:0015149,GO:0015291,GO:0015293,GO:0015294,GO:0015295,GO:0015318,GO:0015578,GO:0015672,GO:0015711,GO:0015718,GO:0015749,GO:0015750,GO:0015755,GO:0015757,GO:0015761,GO:0015791,GO:0015795,GO:0015797,GO:0015849,GO:0015850,GO:0016020,GO:0016021,GO:0019318,GO:0022804,GO:0022857,GO:0022890,GO:0031224,GO:0031226,GO:0031520,GO:0031667,GO:0031668,GO:0031669,GO:0032445,GO:0033554,GO:0034219,GO:0034220,GO:0035429,GO:0042149,GO:0042594,GO:0042873,GO:0042879,GO:0043226,GO:0043227,GO:0043229,GO:0043231,GO:0044238,GO:0044281,GO:0044424,GO:0044425,GO:0044444,GO:0044459,GO:0044464,GO:0046323,GO:0046942,GO:0046943,GO:0050896,GO:0051119,GO:0051179,GO:0051234,GO:0051286,GO:0051716,GO:0055085,GO:0071496,GO:0071702,GO:0071704,GO:0071944,GO:0098590,GO:0098655,GO:0098656,GO:0098657,GO:0098660,GO:0098662,GO:0098704,GO:0098708,GO:0098739,GO:0140108,GO:1902341,GO:1902600,GO:1903825,GO:1904659,GO:1905039,GO:1990539	Belongs to the major facilitator superfamily. Sugar transporter (TC 2.A.1.1) family | Sugar_tr | NA | NA	FALSE	FALSE	FALSE	FALSE	FALSE	FALSE	FALSE	TRUE
gene-IR01_08866	lcl|NW_015622509.1_cds_XP_016220761.1_9828	-3.32860954124823	1.1195137285089e-07	Belongs to the major facilitator superfamily. Sugar transporter (TC 2.A.1.1) family	Sugar_tr				GO:0000322,GO:0000323,GO:0000324,GO:0003674,GO:0005215,GO:0005342,GO:0005351,GO:0005353,GO:0005354,GO:0005355,GO:0005356,GO:0005358,GO:0005402,GO:0005575,GO:0005622,GO:0005623,GO:0005737,GO:0005739,GO:0005773,GO:0005783,GO:0005886,GO:0005887,GO:0005975,GO:0005996,GO:0006012,GO:0006810,GO:0006811,GO:0006812,GO:0006820,GO:0006950,GO:0007154,GO:0008028,GO:0008150,GO:0008152,GO:0008324,GO:0008509,GO:0008514,GO:0008643,GO:0008645,GO:0009267,GO:0009605,GO:0009679,GO:0009987,GO:0009991,GO:0012505,GO:0015075,GO:0015077,GO:0015078,GO:0015128,GO:0015144,GO:0015145,GO:0015146,GO:0015149,GO:0015291,GO:0015293,GO:0015294,GO:0015295,GO:0015318,GO:0015578,GO:0015672,GO:0015711,GO:0015718,GO:0015749,GO:0015750,GO:0015755,GO:0015757,GO:0015761,GO:0015791,GO:0015795,GO:0015797,GO:0015849,GO:0015850,GO:0016020,GO:0016021,GO:0019318,GO:0022804,GO:0022857,GO:0022890,GO:0031224,GO:0031226,GO:0031520,GO:0031667,GO:0031668,GO:0031669,GO:0032445,GO:0033554,GO:0034219,GO:0034220,GO:0035429,GO:0042149,GO:0042594,GO:0042873,GO:0042879,GO:0043226,GO:0043227,GO:0043229,GO:0043231,GO:0044238,GO:0044281,GO:0044424,GO:0044425,GO:0044444,GO:0044459,GO:0044464,GO:0046323,GO:0046942,GO:0046943,GO:0050896,GO:0051119,GO:0051179,GO:0051234,GO:0051286,GO:0051716,GO:0055085,GO:0071496,GO:0071702,GO:0071704,GO:0071944,GO:0098590,GO:0098655,GO:0098656,GO:0098657,GO:0098660,GO:0098662,GO:0098704,GO:0098708,GO:0098739,GO:0140108,GO:1902341,GO:1902600,GO:1903825,GO:1904659,GO:1905039,GO:1990539	Belongs to the major facilitator superfamily. Sugar transporter (TC 2.A.1.1) family | Sugar_tr | NA | NA	FALSE	FALSE	FALSE	FALSE	FALSE	FALSE	FALSE	TRUE
gene-IR01_08911	lcl|NW_015622509.1_cds_XP_016220810.1_9878	1.53019981909593	0.000419438548202528	Sugar (and other) transporter	MFS_1				GO:0003674,GO:0005215,GO:0006810,GO:0008150,GO:0022857,GO:0051179,GO:0051234,GO:0055085	Sugar (and other) transporter | MFS_1 | NA | NA	FALSE	TRUE	FALSE	FALSE	TRUE	FALSE	FALSE	TRUE
gene-IR01_09335	lcl|NW_015622512.1_cds_XP_016219529.1_10342	-3.7464917319492	0.0117791916711937	Belongs to the major facilitator superfamily. Sugar transporter (TC 2.A.1.1) family	Sugar_tr					Belongs to the major facilitator superfamily. Sugar transporter (TC 2.A.1.1) family | Sugar_tr | NA | NA	FALSE	FALSE	FALSE	FALSE	FALSE	FALSE	FALSE	TRUE
